{"cameraMode":{"drawMode":0,"name":"Shaded","section":"Shading Mode"},"sceneLighting":true,"audioPlay":false,"sceneViewState":{"showFog":true,"showMaterialUpdate":false,"showSkybox":true,"showFlares":true,"showImageEffects":true,"showParticleSystems":true},"in2DMode":false,"pivot":{"x":2.7896223068237306,"y":2.074069023132324,"z":33.878273010253909},"rotation":{"x":0.08319010585546494,"y":0.13854055106639863,"z":0.011680354364216328,"w":-0.9867926239967346},"size":2.071714162826538,"orthographic":false}